지자체,광역코드,수행기관코드,위수탁기간,이력_2020,이력_2021,이력_2022,이력_2023,이력_2024,이력_2025,이력_2026,시설유형구분,서비스_특화,서비스_응급안전,서비스_방문요양,서비스_재가노인,서비스_사서원소속,서비스_노인일자리,수탁법인명,수탁법인번호,사업자등록번호,고유번호,수행기관명,기관장명,우편번호,주소,배송지우편번호,배송지주소,대표전화,메인연락처,긴급연락처,팩스번호,이메일,복지부배정_전담사,복지부배정_생활사,복지부배정_대상자,현황_전담사_배정,현황_전담사_채용,현황_생활사_배정,현황_생활사_채용,현황_대상자_배정,현황_대상자_제공,공무원_성명,공무원_연락처,공무원_이메일,데이터기준일,기관명_확인
*광역지원기관,P01,A48000002,2026-01-01 ~ 2028-12-31 (3년),해당없음,해당없음,해당없음,해당,해당,해당,해당,사회서비스원,해당없음,해당없음,해당없음,해당없음,해당없음,해당없음,재단법인 경상남도 사회서비스원,195522-0004531,823-82-00258,823-82-00258,(재)경상남도 사회서비스원,조철현,51404,"경남 창원시 성산구 창원대로524,경남사회적경제혁신타운 본관동2층204호경상남도사회서비스원광역지원기관",51404,"경남 창원시 성산구 창원대로524,경남사회적경제혁신타운 본관동2층204호경상남도사회서비스원광역지원기관",055-288-6892,055-288-6892,010-7759-2829,055-237-8277,gnscc@naver.com,5,0,0,5,5,0,0,0,0,이승주,055-211-4874,sabana13@korea.kr,2026-01-05,경남광역수행기관
거제시,P02,A48310001,2026-01-01 ~ 2027-12-31 (2년),해당,해당,해당,해당,해당,해당,해당,재가노인복지시설,해당없음,해당없음,해당,해당,해당없음,해당없음,(사)거제시자원봉사단체협의회,194921-0001889,612-82-62159,--,거제노인통합지원센터,김창규,53288,"경남 거제시 거제중앙로 1772 (상동동, 상동동 라푸름 아파트) 상가 3층",53288,"경남 거제시 거제중앙로 1772 (상동동, 상동동 라푸름 아파트) 상가 3층",055-638-2111,055-638-2111,055-638-2111,055-638-4698,geoje1365@hanmail.net,6,59,970,4,3,36,34,571,467,이도연,055-639-3794,lido2@korea.kr,2026-01-21,거제노인통합지원센터
거제시,P02,A48310002,2026-01-01 ~ 2027-12-31 (2년),해당,해당,해당,해당,해당,해당,해당,재가노인복지시설,해당,해당없음,해당,해당없음,해당없음,해당없음,사회복지법인 소나무,194932-0001753,612-82-06837,--,거제사랑노인복지센터,이형철,53255,경상남도 거제시 고현로12길 6,53255,경상남도 거제시 고현로12길 6 (애니툴스 맞은편),055-637-6674,055-637-6675,010-6558-5026,055-637-6676,akwehf1004@naver.com,4,61,895,3,2,33,31,525,495,이도연 주무관(거제시청),055-639-3794,lido2@korea.kr@korea.kr,2026-01-13,거제사랑노인복지센터
거제시,P02,A48310003,2026-01-01 ~ 2027-12-31 (2년),해당없음,해당없음,해당없음,해당없음,해당없음,해당없음,해당,노인여가복지시설,해당없음,해당없음,해당없음,해당없음,해당없음,해당없음,하청교회 행복늘푸른대학,184322-0000057,617-82-01176,612-82-91232,하청교회 행복늘푸른대학,홍명택,53204,경남 거제시 하청면 하청로 21-1,53204,경남 거제시 하청면 하청로 21-1,055-636-6660,055-636-6660,010-3221-9213,055-636-9677,happyuni6@daum.com,,,,2,2,30,30,465,389,이도연,055-639-3794,,2026-01-22,하청교회행복늘푸른대학
거제시,P02,A48310004,2026-01-01 ~ 2027-12-31 (2년),해당없음,해당없음,해당없음,해당없음,해당없음,해당없음,해당,사회복지법인,해당없음,해당없음,해당없음,해당,해당없음,해당없음,은빛노인통합지원센터,194932-0001175,299-82-00606,299-82-00606,은빛노인통합지원센터,김은란,53285,경남 거제시 거제면 거제남서로 3554-9,53285,경남 거제시 거제면 거제남서로 3554-9,055-950-0595,055-950-0595,010-4845-0999,055-950-0581,silver0580@daum.net,,,,2,2,33,33,480,400,박경지,055-950-0595,silver0580@daum.net,2026-01-05,은빛노인통합지원센터
거창군,P03,A48880002,2024-01-01 ~ 2026-12-31 (3년),해당,해당,해당,해당,해당,해당,해당,사회복지법인,해당,해당,해당,해당,해당없음,해당없음,거창노인통합지원센터,110132-0000537,611-82-07361,611-82-07361,거창노인통합지원센터,이경은,50135,경상남도 거창군 거창읍 창동로 174(2층),50135,경상남도 거창군 거창읍 창동로 174(2층),055-945-3365,055-943-1365,010-7101-6162,055-945-3364,945-3365@naver.com,3,46,690,3,2,46,41,690,631,이영화,055-940-3125,jojakchamsae@korea.kr,2026-01-22,거창노인통합지원센터
거창군,P03,A48880003,2024-01-01 ~ 2026-12-31 (3년),해당,해당,해당,해당,해당,해당,해당,재가노인복지시설,해당없음,해당없음,해당없음,해당,해당없음,해당없음,형린HS복지재단,191432-0001954,611-82-07610,611-82-07610,거창인애노인통합지원센터,김천호,50141,"경상남도 거창군 거창읍 장팔길 93, 2층",50141,"경상남도 거창군 거창읍 장팔길 93, 2층",055-942-9116,055-942-9116,010-9396-5823,055-942-3118,gudflshs@hanmail.net,3,46,690,3,3,46,43,706,666,이영화,055-940-3125,jojakchamsae@korea.kr,2026-01-19,거창인애노인통합지원센터
거창군,P03,A48880004,2024-01-01 ~ 2026-12-31 (3년),해당없음,해당없음,해당없음,해당없음,해당,해당,해당,재가노인복지시설,해당없음,해당없음,해당,해당없음,해당없음,해당없음,사회복지법인 해월,191432-0002770,611-82-08604,--,해월노인복지센터,염병섭,50141,경남 거창군 거창읍 절부길 13-26,50141,경남 거창군 거창읍 절부길 13-26,055-945-1080,055-945-1080,010-4933-9037,055-943-1398,sunmoon1079@hanmail.net,3,44,660,3,3,44,35,660,473,이영화,055-940-3125,,2025-12-30,해월노인복지센터
고성군,P04,A48820003,2026-01-01 ~ 2030-12-31 (5년),해당없음,해당없음,해당,해당,해당,해당,해당,사단법인,해당,해당없음,해당없음,해당없음,해당없음,해당없음,대한노인회 고성군지회,114221-0000493,612-82-65480,--,대한노인회 고성군지회(노인맞춤돌봄서비스),최종림,52934,경남 고성군 고성읍 남포로79번길 133,52934,경남 고성군 고성읍 남포로79번길 133,055-804-7500,055-804-7500,010-9214-2300,055-804-7501,gsmd8400@daum.net,5,80,1200,6,5,80,78,1200,1161,이동건 주무관,055-670-2374,ehdrjs6811@korea.kr,2026-01-14,대한노인회 고성군지회
고성군,P04,A48820005,2026-01-01 ~ 2030-12-31 (5년),해당없음,해당없음,해당없음,해당없음,해당없음,해당없음,해당,협동조합,해당없음,해당없음,해당없음,해당없음,해당없음,해당없음,사회적협동조합 노인세상,195051-0003649,190-82-00503,190-82-00503,사회적협동조합 노인세상,배상길,52938,경남 고성군 고성읍 동외로 212,52938,경남 고성군 고성읍 동외로 212,055-674-8989,055-674-8989,010-5767-5917,000-0000-0000,mdniss1020@naver.com,,,,5,4,64,34,985,960,이동건,055-670-2374,,2026-01-07,사회적협동조합 노인세상
김해시,P05,A48250001,2024-01-01 ~ 2026-12-31 (3년),해당,해당,해당,해당,해당,해당,해당,재가노인복지시설,해당,해당없음,해당,해당없음,해당없음,해당없음,사회복지법인정수사복지재단,195532-0003293,615-82-67997,615-82-67997,효능원노인통합지원센터,이선자,50869,경상남도 김해시 진영읍 서부로 38번길 77-35,50869,경상남도 김해시 진영읍 서부로 38번길 77-35,055-343-7900,055-723-4888,010-7678-7803,055-342-4410,7900hyo@hanmail.net,5,37,605,5,5,37,36,605,505,김나영(김해시청노인복지과,055-330-4685,skdud4540@korea.kr,2026-01-22,효능원노인통합지원센터
김해시,P05,A48250004,2024-01-01 ~ 2026-12-31 (3년),해당,해당,해당,해당,해당,해당,해당,사회복지관,해당없음,해당,해당없음,해당없음,해당없음,해당없음,인제대학교산학협력단,195571-0002988,622-82-60221,615-80-08785,김해시종합사회복지관,김희년,50958,경상남도 김해시 분성로 227 노인맞춤돌봄서비스사업,50958,경남 김해시 분성로 227 노인맞춤돌봄서비스사업,055-329-6336,070-7605-7774,010-2631-0824,055-329-6340,gcwc6336@hanmail.net,4,42,655,4,4,41,38,615,492,신은진,055-330-4685,qhrwk506@korea.kr,2026-01-14,김해시종합사회복지관
김해시,P05,A48250005,2024-01-01 ~ 2026-12-31 (3년),해당,해당,해당,해당,해당,해당,해당,재가노인복지시설,해당없음,해당없음,해당없음,해당,해당없음,해당없음,경남생명의전화,195532-0004621,615-82-10723,615-82-11528,생명의전화노인통합지원센터,김병식,50900,"경상남도 김해시 삼계로 69번길 15, 대명빌딩 401호",50900,"경상남도 김해시 삼계로 69번길 15, 대명빌딩 401호",055-325-9195,055-325-9195,055-327-9195,055-326-9195,lifegapa1@daum.net,5,42,680,3,2,43,39,619,570,신은진,055-330-4684,qhrwk506@korea.kr,2026-01-19,생명의전화노인통합지원센터
김해시,P05,A48250006,2024-01-01 ~ 2026-12-31 (3년),해당,해당,해당,해당,해당,해당,해당,재가노인복지시설,해당,해당,해당,해당,해당없음,해당없음,사회복지법인 보현행원,184632-0001769,622-82-00029,614-82-02972,보현행원노인통합지원센터,이진학,50877,경상남도 김해시 주촌면 서부로1295번길 219,50877,경상남도 김해시 주촌면 서부로1295번길 219,055-329-0070,055-329-0070,010-5456-9478,055-329-0071,bohyunst@daum.net,4,33,545,3,3,35,31,535,448,신은진,055-330-4684,qhrwk506@korea.kr,2026-01-14,보현행원노인통합지원센터
김해시,P05,A48250007,2024-01-01 ~ 2026-12-31 (3년),해당없음,해당없음,해당,해당,해당,해당,해당,협동조합,해당,해당없음,해당없음,해당없음,해당없음,해당없음,김해돌봄지원센터 사회적협동조합,195551-0008227,714-82-00537,--,김해돌봄지원센터,이소라,50905,경남 김해시 구산로27번길 4-2 (구산동) 3층 301호,50962,경남 김해시 구산로27번길 4-2 (구산동) 3층 301호,055-724-0515,055-724-0515,010-5541-6314,070-7600-4131,gdolbom@daum.net,3,31,490,3,3,29,24,435,334,김나영,055-330-4685,skdud4540@korea.kr,2026-01-07,김해돌봄지원센터
남해군,P06,A48840001,2025-01-01 ~ 2026-12-31 (2년),해당,해당,해당,해당,해당,해당,해당,재가노인복지시설,해당,해당,해당없음,해당,해당없음,해당없음,대한불교조계종 화방사 화방복지원,194632-0000066,613-82-63409,613-82-63409,화방남해노인통합지원센터,고현옥,52407,경상남도 남해군 고현면 화방로211번길81-7,52407,경상남도 남해군 고현면 화방로211번길81-7,055-863-1737,055-863-1737,010-3067-5521,055-864-1738,jaegas1737@hanmail.net,4,68,1020,6,4,68,68,1070,982,류시현,055-860-3833,ris1205@korea.kr,2026-01-06,화방남해노인통합지원센터
남해군,P06,A48840002,2025-01-01 ~ 2026-12-31 (2년),해당,해당,해당,해당,해당,해당,해당,재가노인복지시설,해당없음,해당없음,해당,해당,해당없음,해당,대한불교조계종 화방사 화방복지원,194632-0000066,613-82-13307,--,화방재가복지센터,천지훈,52407,경상남도 남해군 고현면 화방로211번길 81-20,52407,경상남도 남해군 고현면 화방로211번길 81-20,055-863-1988,055-863-1988,010-6436-8155,055-863-1989,hb8631988@naver.com,4,68,1020,4,4,62,61,962,794,류시현,055-860-3833,ris1205@korea.kr,2026-01-20,화방재가복지센터
밀양시,P07,A48270001,2023-01-01 ~ 2025-12-31 (3년),해당,해당,해당,해당,해당,해당,해당,사단법인,해당없음,해당,해당없음,해당없음,해당없음,해당없음,사단법인밀양시자원봉사단체협의회,191321-0001876,615-82-67551,615-82-67551,밀양시자원봉사단체협의회,정준호,50422,경남 밀양시 밀성로3길 9 (내이동) 2층,50422,경남 밀양시 밀성로3길 9 (내이동) 2층,055-352-0094,055-352-0094,010-4484-1719,055-352-0098,jabong0094@naver.com,4,61,915,4,4,61,58,915,911,오성혜,055-359-5997,oshae@korea.kr,2026-01-09,밀양시자원봉사단체협의회
밀양시,P07,A48270002,2026-01-01 ~ 2028-12-31 (3년),해당,해당,해당,해당,해당,해당,해당,재가노인복지시설,해당,해당없음,해당없음,해당,해당없음,해당없음,사회복지법인 하남복지재단,191332-0000114,615-82-02183,65-82-06573,밀양노인통합지원센터,박래훈,50455,경상남도 밀양시 초동면 성만1길 50-8,50455,경상남도 밀양시 초동면 성만1길 50-8,055-391-1900,055-391-1904,010-7185-6753,055-391-1902,miryanggapa@hanmail.net,4,62,930,5,4,63,63,945,789,,,,2026-01-21,밀양노인통합지원센터
밀양시,P07,A48270003,2026-01-01 ~ 2028-12-31 (3년),해당,해당,해당,해당,해당,해당,해당,재가노인복지시설,해당,해당없음,해당없음,해당,해당없음,해당없음,사회복지사법인 성보,191332-0005582,615-82-12527,--,우리들노인통합지원센터,김두영,50429,경남 밀양시 용평로 49-6(용평동),50445,경상남도 밀양시 용평로 49-6(용평동),055-802-8765,055-802-8765,010-7532-2348,055-802-8766,dnflemfxhd@naver.com,5,50,800,5,5,52,50,830,793,전경미,055-359-5996,sprout3@korea.kr,2026-01-07,우리들노인통합지원센터
사천시,P08,A48240001,2026-01-01 ~ 2030-12-31 (5년),해당,해당,해당,해당,해당,해당,해당,재가노인복지시설,해당없음,해당없음,해당없음,해당,해당없음,해당없음,사회복지법인사랑원,194232-0004727,609-82-11353,--,사랑원노인지원센터,최미경,52536,경상남도 사천시 사남면 사남로 847-15,52536,경상남도 사천시 사남면 사남로 847-15,055-853-8894,055-786-8894,010-6556-7520,070-8224-0175,sarangwon8894@hanmail.net,5,80,1200,3,3,47,47,723,704,장소윤,055-831-2076,bluesky8703@korea.kr,2026-01-06,사랑원노인지원센터
사천시,P08,A48240002,2026-01-01 ~ 2030-12-31 (5년),해당,해당,해당,해당,해당,해당,해당,재가노인복지시설,해당없음,해당없음,해당,해당,해당없음,해당없음,사회복지법인 행복한집,195432-0001405,492-82-00210,492-82-00210,사천노인통합지원센터,박시현,52547,경상남도 사천시 백천길 16 행복한집,52547,경상남도 사천시 백천길 16 행복한집,055-833-3700,055-833-3700,010-7184-3700,055-835-4171,happy-4000@naver.com,6,96,1440,3,3,46,46,708,607,장소윤,055-831-2076,bluesky8703@korea.kr,2026-01-12,사천노인통합지원센터
사천시,P08,A48240003,2026-01-01 ~ 2030-12-31 (5년),해당없음,해당없음,해당없음,해당없음,해당없음,해당없음,해당,노인주거복지시설,해당,해당없음,해당없음,해당없음,해당없음,해당없음,남양양로원,195471-0000778,613-82-15270,613-82-15270,남양양로원,조덕래,52546,"경남 사천시 모충길 50 (송포동, 삼소원)",52546,"경남 사천시 모충길 50 (송포동, 삼소원)",055-835-9105,055-835-9105,010-8955-1554,055-835-9938,samsowon9100@hanmail.net,,,,4,4,43,43,713,563,장소윤,055-831-2076,blueky8703@korea.kr,2026-01-20,남양양로원
사천시,P08,A48240004,2026-01-01 ~ 2030-12-31 (5년),해당없음,해당없음,해당없음,해당없음,해당없음,해당없음,해당,재가노인복지시설,해당없음,해당없음,해당없음,해당없음,해당없음,해당없음,사천건양주야간보호센터,195432-0001778,613-82-13122,613-82-13122,사천건양주야간보호센터,이종석,52515,경남 사천시 사천읍 구암두문로 338,52515,경남 사천시 사천읍 구암두문로 338,055-854-5913,055-854-5913,010-5548-3964,055-854-5912,cka2696@naver.com,,,,3,3,43,44,662,583,장소윤,055-831-2076,bluesky8703@korea.kr,2026-01-16,사천건양주야간보호센터
산청군,P09,A48860001,2026-01-01 ~ 2028-12-31 (3년),해당,해당,해당,해당,해당,해당,해당,재가노인복지시설,해당없음,해당,해당없음,해당,해당없음,해당없음,사회복지법인 한일복지재단,194832-0001664,509-82-63963,--,산청한일노인통합지원센터,이현호,52225,경상남도 산청군 산청읍 웅석봉로 67번길 24,52225,경상남도 산청군 산청읍 웅석봉로 67번길 24,055-974-1200,055-974-1200,010-4587-5790,055-974-1203,hanil1200@hanmail.net,2,35,512,2,2,35,35,512,501,허새롬,055-970-6853,saerom24@korea.kr,2026-01-07,산청한일노인통합지원센터
산청군,P09,A48860002,2026-01-01 ~ 2028-12-31 (3년),해당,해당,해당,해당,해당,해당,해당,재가노인복지시설,해당없음,해당없음,해당없음,해당,해당없음,해당없음,사회복지법인 도산,194832-0001268,613-82-75623,613-82-75623,산청복음노인통합지원센터,이영란,52251,경상남도 산청군 단성면 목화로 998,52251,경상남도 산청군 단성면 목화로 998,055-973-5411,055-973-7900,010-3831-8374,055-973-5415,sswc5411@naver.com,2,34,512,2,2,34,34,512,496,허새롬,055-970-6853,westriky@korea.kr,2026-01-09,산청복음노인통합지원센터
산청군,P09,A48860003,2026-01-01 ~ 2028-12-31 (3년),해당,해당,해당,해당,해당,해당,해당,재가노인복지시설,해당,해당없음,해당없음,해당,해당없음,해당없음,사회복지법인 두류복지재단,194832-0001987,482-82-00265,482-82-00265,산청해민노인통합지원센터,이해령,52249,경남 산청군 신안면 원지강변로 119,52249,경남 산청군 신안면 원지강변로 119,055-974-1991,055-974-1991,010-8524-4312,055-974-1994,drw111@hanmail.net,2,34,512,3,2,36,34,572,496,산청군 주무관 허새롬,055-970-6853,saerom24@korea.kr,2026-01-15,산청해민노인통합지원센터
산청군,P09,A48860004,2026-01-01 ~ 2028-12-31 (3년),해당없음,해당없음,해당없음,해당,해당,해당,해당,재가노인복지시설,해당없음,해당없음,해당없음,해당,해당없음,해당없음,사회복지법인고려산청성모노인통합지원센터,194832-0001648,658-82-00241,658-82-00241,산청성모노인통합지원센터,권수경,52230,경남 산청군 금서면 친환경로 2016 (산청성모노인전문요양원),52230,경남 산청군 금서면 친환경로 2016 (산청성모노인전문요양원),055-974-1095,055-974-1095,010-4106-4455,055-972-0596,kr0093@hanmail.net,2,34,512,2,2,34,34,512,496,,,,2026-01-13,산청성모노인통합지원센터
양산시,P10,A48330001,2026-01-01 ~ 2028-12-31 (3년),해당,해당,해당,해당,해당,해당,해당,재가노인복지시설,해당,해당없음,해당,해당,해당없음,해당없음,사회복지법인신생원,190132-0000143,621-82-01189,826-82-00150,사회복지법인신생원양산재가노인복지센터,유미주,50629,"경남 양산시 강변로 441 (중부동, 양산지하철역) 101호",50629,"경남 양산시 강변로 441 (중부동, 양산지하철역) 101호 (짬뽕집맞은편문)",055-367-8904,055-367-8904,010-7100-3025,055-367-8906,ys3678904@daum.net,6,59,935,6,6,69,45,1093,620,김은진,055-392-2522,bnkim2@korea.kr,2026-01-08,사회복지법인신생원양산재가노인복지센터
양산시,P10,A48330004,2023-01-01 ~ 2025-12-31 (3년),해당없음,해당없음,해당없음,해당,해당,해당,해당,협동조합,해당없음,해당없음,해당없음,해당없음,해당없음,해당없음,양산행복한돌봄 사회적협동조합,234151-0003110,428-82-00198,--,양산행복한돌봄 사회적협동조합,노춘화,50616,"경남 양산시 중앙우회로 150 (북부동), 4층 양산행복한돌봄 사회적협동조합",50616,"경남 양산시 중앙우회로 150 (북부동), 4층 양산행복한돌봄 사회적협동조합",055-367-3750,055-367-3750,010-5525-4377,055-366-3760,hpcare3750@naver.com,4,59,885,4,4,54,52,835,684,김은진,055-392-2522,,2026-01-14,양산행복한돌봄 사회적협동조합
양산시,P10,A48330005,2026-01-01 ~ 2028-12-31 (3년),해당없음,해당없음,해당없음,해당,해당,해당,해당,노인주거복지시설,해당없음,해당없음,해당없음,해당없음,해당없음,해당없음,사회복지법인 성요셉의 집,234132-0001271,621-82-10091,--,성요셉소규모노인종합센터,김희정,50535,"경남 양산시 대운1길 111 (명동, 성요셉의집)",50535,"경남 양산시 대운1길 111 (명동, 성요셉의집)",055-365-1910,055-366-1113,055-365-1910,055-365-1907,stjoseph63@naver.com,4,59,880,4,4,54,44,835,603,김은진,055-392-2522,bnkim2@korea.kr,2026-01-09,성요셉소규모노인종합센터
의령군,P11,A48720001,2024-01-01 ~ 2026-12-31 (3년),해당,해당,해당,해당,해당,해당,해당,재가노인복지시설,해당,해당,해당없음,해당,해당없음,해당,사회복지법인 일붕복지관,194532-0000307,608-82-11909,--,의령노인통합지원센터,정선남,52115,경상남도 의령군 궁류면 청정로 1224,52115,경상남도 의령군 궁류면 청정로 1224,055-572-0079,055-572-0991,010-8729-2137,055-572-8448,center0079@daum.net,5,80,1200,5,5,80,67,1200,1009,이미정,055-570-2232,cmkm125@korea.kr,2026-01-21,의령노인통합지원센터
진주시,P12,A48170001,2024-01-01 ~ 2026-12-31 (3년),해당,해당,해당,해당,해당,해당,해당,재가노인복지시설,해당없음,해당없음,해당없음,해당,해당없음,해당없음,사회복지법인 진양복지재단,191132-0002495,613-82-16148,613-82-16148,진양노인통합지원센터,최미선,52640,경상남도 진주시 명석면 진주대로 2116,52640,경상남도 진주시 명석면 진주대로 2116,055-743-3466,070-4035-4513,010-8511-9922,055-743-3416,ah7210@naver.com,3,48,720,3,3,48,48,720,725,이예지,055-749-8492,lyj0907@korea.kr,2026-01-08,진양노인통합지원센터
진주시,P12,A48170002,2024-01-01 ~ 2026-12-31 (3년),해당,해당,해당,해당,해당,해당,해당,재가노인복지시설,해당없음,해당,해당없음,해당,해당없음,해당없음,사회복지법인은혜복지재단,191132-0000136,613-82-12536,613-82-12536,진주노인통합지원센터,김성광,52730,경상남도 진주시 장재새미길 53번길 35,52730,경상남도 진주시 장재새미길 53번길 35,055-761-0086,055-761-5172,010-7120-0852,055-757-0086,jinjugapa1@hanmail.net,3,48,720,3,3,48,48,720,726,이예지,055-749-8492,lyj0907@korea.k,2026-01-15,진주노인통합지원센터
진주시,P12,A48170003,2024-01-01 ~ 2026-12-31 (3년),해당,해당,해당,해당,해당,해당,해당,재가노인복지시설,해당없음,해당없음,해당없음,해당,해당없음,해당없음,사회복지법인 진주복지재단,191232-0001702,613-82-10218,613-82-12161,나누리노인통합지원센터,김선옥,52638,경남 진주시 집현면 신당길 300-50,52638,경남 진주시 집현면 신당길 300-50,055-762-1001,055-762-1011,010-8507-5827,055-762-2008,jinjuwf@hanmail.net,4,62,930,4,4,62,62,930,930,이예지,055-749-8492,lyj8492@korea.kr,2026-01-21,나누리노인통합지원센터
진주시,P12,A48170004,2024-01-01 ~ 2026-12-31 (3년),해당,해당,해당,해당,해당,해당,해당,재가노인복지시설,해당없음,해당없음,해당없음,해당,해당없음,해당없음,사회복지법인 공덕원,191132-0002346,613-82-14887,613-82-14887,공덕의집노인통합지원센터,김은경,52655,"경남 진주시 의병로 65 (상봉동), 2층",52655,"경남 진주시 의병로 65 (상봉동), 2층",055-744-6556,055-744-6557,010-4693-4616,055-742-6556,gdw7446556@daum.net,3,48,720,3,3,48,48,720,736,이예지,055-749-8492,lyj0907@korea.kr,2026-01-08,공덕의집노인통합지원센터
진주시,P12,A48170005,2024-01-01 ~ 2026-12-31 (3년),해당없음,해당없음,해당없음,해당없음,해당,해당,해당,재가노인복지시설,해당없음,해당없음,해당없음,해당없음,해당없음,해당없음,사회복지법인 한얼,191132-0000572,613-82-07203,613-82-12220,하늘마음노인통합지원센터,정희정,52832,경남 진주시 문산읍 월아산로 1116 2층,52832,경남 진주시 문산읍 월아산로 1116 2층,055-763-2553,055-763-2553,010-4216-8532,055-795-2553,jjhanurl0@daum.net,3,48,720,3,3,48,48,720,737,진주시청 주무관 이예지,055-749-8545,herodmswl1@korea.kr,2026-01-14,하늘마음노인통합지원센터
창녕군,P13,A48740001,2026-01-01 ~ 2028-12-31 (3년),해당,해당,해당,해당,해당,해당,해당,지역자활센터,해당없음,해당없음,해당없음,해당없음,해당없음,해당없음,사회적협동조합 이음터,195151-0005320,773-82-00313,--,창녕지역자활센터,하승범,50322,경상남도 창녕군 창녕읍 조산서재골로 7,50322,경상남도 창녕군 창녕읍 조산서재골로 7,055-532-0612,055-532-0612,010-4243-2306,055-532-8992,cnjahwal2003@daum.net,5,80,1200,6,5,83,76,1299,1176,성종윤,055-530-1405,eastday@korea.kr,2026-01-06,창녕지역자활센터
창녕군,P13,A48740002,2026-01-01 ~ 2028-12-31 (3년),해당,해당,해당,해당,해당,해당,해당,재가노인복지시설,해당,해당,해당없음,해당,해당없음,해당없음,사회복지법인 새누리복지재단,190132-0003072,608-82-12489,608-82-12489,창녕군새누리노인종합센터,권미진,50354,경상남도 창녕군 남지읍 덕동길 55,50354,경상남도 창녕군 남지읍 덕동길 55,055-526-1796,055-526-1796,010-4490-5857,055-526-1795,tosnfl7992@naver.com,5,80,1200,6,6,80,80,1200,1167,성종윤,055-530-1405,teenbjh@korea.kr,2026-01-15,창녕군새누리노인종합센터
창원시,P14,A48120001,2025-01-01 ~ 2027-12-31 (3년),해당,해당,해당,해당,해당,해당,해당,재가노인복지시설,해당없음,해당없음,해당없음,해당없음,해당없음,해당없음,사회복지법인 동진,194232-0004074,609-82-12861,609-82-12861,동진노인통합지원센터,강외숙,51115,경상남도 창원시 의창구 동읍 동읍로 517-14,51115,경상남도 창원시 의창구 동읍 동읍로 517-14,055-299-2233,055-299-2233,010-4590-2223,055-299-0300,2992233@hanmail.net,3,36,565,3,3,35,34,537,506,이민정 창원시청 주무관,055-225-3614,nuk9933@korea.kr,2026-01-22,동진노인통합지원센터
창원시,P14,A48120002,2022-01-01 ~ 2027-12-31 (6년),해당,해당,해당,해당,해당,해당,해당,재가노인복지시설,해당없음,해당없음,해당없음,해당,해당없음,해당없음,사회적협동조합창원도우누리,194251-0008662,858-82-00157,--,창원도우누리노인통합재가센터,김미득,51157,"경상남도 창원시 의창구 대봉로 26번길 4-5, 3층",51157,"경남 창원시 의창구 대봉로26번길 24 (봉림동), ks빌딩 1층",055-262-2773,055-262-2773,010-3498-9242,055-265-2770,dounuri27@daum.net,5,52,805,5,5,53,54,837,781,이민정,055-225-3614,nuk9933@korea.kr,2026-01-16,창원도우누리 노인종합재가센터
창원시,P14,A48120004,2025-01-01 ~ 2027-12-31 (3년),해당,해당,해당,해당,해당,해당,해당,재가노인복지시설,해당없음,해당없음,해당,해당,해당없음,해당없음,명진복지재단,190132-0004004,608-82-16506,--,명진노인통합지원센터,이형숙,51781,경상남도 창원시 마산합포구 구산면 마전길 335-1,51781,경상남도 창원시 마산합포구 구산면 마전길 335-1,055-271-0483,055-271-0483,010-7472-6321,055-271-0484,mjwelfare6023@hanmail.net,3,43,645,3,3,44,43,662,640,이민정,552253614,nuk9933@korea.kr,2026-01-21,명진노인통합지원센터
창원시,P14,A48120005,2025-01-01 ~ 2027-12-31 (3년),해당,해당,해당,해당,해당,해당,해당,협동조합,해당,해당없음,해당,해당없음,해당없음,해당없음,플러스희망 사회적협동조합,191551-0005780,418-82-09440,--,마산희망지역자활센터,최미혜,51731,경남 창원시 마산합포구 동서북7길 49 (남성동) 2층,51731,경남 창원시 마산합포구 동서북7길 49 (남성동) 2층,070-4708-3402,055-224-2510,010-7367-6685,055-602-2511,plushp2015@naver.com,4,45,700,4,4,47,45,717,683,이민정,055-225-3614,nuk9933@korea.kr,2026-01-14,마산희망지역자활센터
창원시,P14,A48120008,2025-01-01 ~ 2027-12-31 (3년),해당,해당,해당,해당,해당,해당,해당,재가노인복지시설,해당,해당없음,해당,해당,해당없음,해당없음,인애복지재단,190132-0000177,608-82-13061,608-82-13061,경남노인통합지원센터,김양언,51351,경상남도 창원시 마산회원구 팔용로 272,51351,경상남도 창원시 마산회원구 팔용로 272,055-298-8602,055-298-8602,010-5501-0425,055-243-1390,knsw04@knsw.or.kr,4,47,730,5,4,47,47,747,702,노인장애인과 이민정,055-225-3614,nuk9933@korea.kr,2026-01-21,경남노인통합지원센터
창원시,P14,A48120011,2025-01-01 ~ 2027-12-31 (3년),해당없음,해당없음,해당,해당,해당,해당,해당,협동조합,해당없음,해당없음,해당없음,해당없음,해당없음,해당없음,정현사회적협동조합,191551-0006754,376-82-00427,376-82-00427,정현사회적협동조합,한연화,51792,경남 창원시 마산합포구 진동면 서촌길 7 (2층),51792,경남 창원시 마산합포구 진동면 서촌길 7 (2층),055-271-9913,055-271-9913,010-6511-9635,055-271-9914,junghyeon_2020@naver.com,4,55,829,4,4,54,53,817,817,창원시청 주무관,055-225-3614,lucia2392@korea.kr,2026-01-02,정현사회적협동조합
창원시,P14,A48120012,2025-01-01 ~ 2027-12-31 (3년),해당없음,해당없음,해당,해당,해당,해당,해당,노인여가복지시설,해당없음,해당없음,해당없음,해당없음,해당없음,해당없음,재단법인 한가람문화재단,194222-0000370,308-82-72331,--,진해서부노인종합복지관,조영순,51682,경남 창원시 진해구 태평로 96 (태평동),51682,경남 창원시 진해구 태평로 96 (태평동) 3층 노인맞춤돌봄서비스,055-547-8004,055-547-8004,010-4915-8501,055-552-8004,jhsbcare@naver.com,3,52,778,3,3,48,48,727,727,창원시청 이민정 주무관,055-225-3614,unk9933@korea.kr,2026-01-15,진해서부노인종합복지관
창원시,P14,A48120013,2025-01-01 ~ 2027-12-31 (3년),해당없음,해당없음,해당,해당,해당,해당,해당,노인여가복지시설,해당없음,해당없음,해당없음,해당없음,해당없음,해당없음,진해노인종합복지관,190131-0003884,609-82-10714,--,진해노인종합복지관,권현수,51630,"경남 창원시 진해구 천자로 434 (풍호동, 진해노인종합복지관)",51630,"경남 창원시 진해구 천자로 434 (풍호동, 진해노인종합복지관)",055-544-7155,055-544-7153,010-7157-9188,055-716-2388,jinhaesw@naver.com,4,46,715,4,4,45,43,717,645,이민정 주무관 (창원시),055)225-3614,,2026-01-07,진해노인종합복지관
창원시,P14,A48120014,2025-01-01 ~ 2027-12-31 (3년),해당없음,해당없음,해당없음,해당없음,해당없음,해당,해당,사단법인,해당없음,해당없음,해당없음,해당없음,해당없음,해당없음,경남고용복지센터,194221-0001429,609-82-62420,609-82-62420,경남고용복지센터,정동화,51411,"경남 창원시 성산구 원이대로 450 (중앙동), 창원종합운동장 149-1호",51411,"경남 창원시 성산구 원이대로 450 (중앙동), 창원종합운동장 149-1호",055-261-8533,055-261-8533,010-3886-1944,055-261-8570,knct8533@naver.com,4,39,610,4,4,45,39,747,597,경남 창원시주무관 이민정,055-225-3614,grace4me@korea.kr,2026-01-05,경남고용복지센터
창원시,P14,A48120015,2025-01-01 ~ 2027-12-31 (3년),해당없음,해당없음,해당없음,해당없음,해당없음,해당,해당,사회복지관,해당없음,해당없음,해당없음,해당없음,해당없음,해당없음,사회복지법인 대한불교 천태종복지재단,110232-0004686,605-82-83840,605-82-83840,마산회원노인종합복지관,정응석,51313,"경남 창원시 마산회원구 삼호로 227 (석전동, 마산회원노인종합복지관)",51313,"경남 창원시 마산회원구 삼호로 227 (석전동, 마산회원노인종합복지관)",055-713-6890,070-5156-2444,010-3304-3270,055-715-6890,mhswc055@with99.org,2,29,431,2,2,29,26,447,375,이민정,055-2253614,nuk9933@korea.kr,2026-01-06,마산회원노인종합복지관
통영시,P20,A48220002,2025-01-01 ~ 2026-10-26 (2년),해당,해당,해당,해당,해당,해당,해당,사회복지관,해당없음,해당없음,해당없음,해당없음,해당없음,해당없음,사회복지법인 천주교마산교구사회복지회,191532-0005144,608-82-15531,612-82-70057,통영시종합사회복지관,박철현,53038,경상남도 통영시 안개4길 94,53038,경상남도 통영시 안개4길 94,055-640-7700,055-640-7728,010-2000-1969,055-646-4446,tywelfare@hanmail.net,4,63,945,4,4,59,58,897,835,남혜경,556504213,lovesh1@korea.kr,2026-01-20,통영시종합사회복지관
통영시,P20,A48220003,2025-01-01 ~ 2026-10-26 (2년),해당없음,해당없음,해당없음,해당,해당,해당,해당,재가노인복지시설,해당,해당,해당,해당,해당없음,해당,(사)통영YWCA,191221-0001571,612-82-69749,--,통영노인통합지원센터,조혜원,53054,"경남 통영시 동충1길 4 (항남동, 통영YWCA) 만석수산3층",53054,"경남 통영시 동충1길 4 (항남동, 통영YWCA) 만석수산3층",055-641-6170,055-641-6170,010-5329-3627,055-641-6174,totalsilver@hanmail.net,7,77,1205,6,7,77,71,1228,1031,남혜경,055-650-4213,dmschd20@korea.kr,2026-01-07,통영노인통합지원센터
하동군,P21,A48850001,2025-01-01 ~ 2027-12-31 (3년),해당,해당,해당,해당,해당,해당,해당,재가노인복지시설,해당,해당없음,해당없음,해당,해당없음,해당없음,경남복지재단,194733-0000278,613-82-13947,--,하동노인통합지원센터,이용백,52329,경상남도 하동군 하동읍 중앙2길10-9(3층),52329,경상남도 하동군 하동읍 중앙2길10-9(3층),055-884-7078,055-884-7078,010-5053-6955,055-884-1203,gnw1203@naver.com,4,54,810,5,4,55,55,845,831,류나현,055-880-2334,skgus759@korea.kr,2026-01-21,하동노인통합지원센터
하동군,P21,A48850002,2025-01-01 ~ 2027-12-31 (3년),해당,해당,해당,해당,해당,해당,해당,지역자활센터,해당,해당없음,해당,해당없음,해당없음,해당없음,(재)마산교구천주교회유지재단,190122-0000102,613-82-60528,--,경남하동지역자활센터,손호연,52326,경상남도 하동군 하동읍 청년회관길 13,52326,경상남도 하동군 하동읍 청년회관길 13,055-884-6955,055-884-6955,010-3834-4757,055-884-6957,hdjahwal@hanmail.net,3,52,780,4,4,54,54,810,754,이가영,055-880-2334,lgy2981@korea.kr,2026-01-21,경남하동지역자활센터
함안군,P22,A48730001,2024-01-01 ~ 2026-12-31 (3년),해당,해당,해당,해당,해당,해당,해당,사단법인,해당없음,해당,해당없음,해당없음,해당없음,해당없음,(사)대한노인회함안군지회,114221-0000493,608-82-64032,608-82-64032,(사)대한노인회함안군지회,이학동,52046,경상남도 함안군 가야읍 중앙남길 67,52046,경상남도 함안군 가야읍 중앙남길 67,055-585-8505,055-585-8505,010-9924-0621,055-585-8507,haman8505@hanmail.net,4,69,1035,4,4,62,62,930,957,황경미,055-580-2363,kongmi0325@korea.kr,2026-01-22,(사)대한노인회함안군지회
함안군,P22,A48730002,2024-01-01 ~ 2026-12-31 (3년),해당,해당,해당,해당,해당,해당,해당,재가노인복지시설,해당,해당,해당없음,해당,해당없음,해당없음,사회복지법인새누리복지재단,190132-0003072,608-82-11461,--,함안군재가노인통합지원센터,진정옥,52004,경상남도 함안군 칠서면 이룡3길 25-43,52004,경상남도 함안군 칠서면 이룡3길 25-43,055-586-1236,055-586-1236,010-3822-1353,055-586-1238,silver1236@hanmail.net,4,69,1035,5,4,69,62,1035,918,한경미,055-580-2363,kongmi0325@korea.kr,2026-01-15,함안군재가노인통합지원센터
함양군,P23,A48870002,2024-01-01 ~ 2026-12-31 (3년),해당없음,해당없음,해당없음,해당없음,해당,해당,해당,사단법인,해당,해당없음,해당없음,해당없음,해당없음,해당없음,사단법인 대한노인회 함양군지회,114221-000493,611-82-06173,611-82-06173,사단법인 대한노인회 함양군지회,이영일,50043,경남 함양군 함양읍 함양남서로 1245 3층,50043,경남 함양군 함양읍 함양남서로 1245 3층,055-963-4165,055-964-9921,010-5055-8206,055-963-4166,dn9921@naver.com,6,96,1440,6,6,84,84,1440,1295,최윤정,055-960-4914,itsok100@korea.kr,2026-01-22,사단법인 대한노인회 함양군지회
합천군,P24,A48890003,2024-01-01 ~ 2026-12-31 (3년),해당,해당,해당,해당,해당,해당,해당,재가노인복지시설,해당없음,해당없음,해당없음,해당,해당없음,해당없음,사회복지법인 회암,195332-0002190,611-82-06834,587-82-00240,미타재가복지센터,성병태,50247,경상남도 합천군 적중면 우회로 1198,50247,경상남도 합천군 적중면 우회로 1198,055-931-2233,055-931-9121,010-3252-0708,055-932-9122,mitasan9029@naver.com,3,48,720,3,3,48,48,735,733,진봉규,055-930-3288,jinbg1128@korea.kr,2026-01-07,미타재가복지센터
합천군,P24,A48890004,2024-01-01 ~ 2026-12-31 (3년),해당없음,해당없음,해당,해당,해당,해당,해당,재가노인복지시설,해당없음,해당,해당없음,해당,해당없음,해당없음,사회복지법인 해창복지재단,195332-0001994,854-82-00382,--,합천노인통합지원센터,서문교,50224,경상남도 합천군 삼가면 삼가로 10-13,50224,경상남도 합천군 삼가면 삼가로 10-13,055-931-1014,055-931-1014,010-8930-1680,055-931-1017,hcsilver1@naver.com,4,64,960,4,4,64,64,977,965,,,,2026-01-21,합천노인복지센터
합천군,P24,A48890005,2024-01-01 ~ 2026-12-31 (3년),해당,해당,해당,해당,해당,해당,해당,재가노인복지시설,해당없음,해당없음,해당없음,해당,해당없음,해당없음,대한불교조계종사회복지재단,110132-0009539,611-80-03487,611-80-03487,코끼리행복복지센터,엄동수,50201,경남 합천군 가야면 가야시장로 98,50201,경남 합천군 가야면 가야시장로 98,055-932-3141,055-932-3141,010-9611-7762,055-932-3143,co3144@hanmail.net,4,50,750,4,4,50,54,767,770,진봉규,055-930-3288,jinbg1128@korea.kr,2026-01-21,코끼리행복복지센터(재가노인복지시설)
합천군,P24,A48890006,2024-01-01 ~ 2026-12-31 (3년),해당없음,해당없음,해당,해당,해당,해당,해당,지역자활센터,해당,해당,해당없음,해당없음,해당없음,해당없음,사회적협동조합 합천지역자활센터,195351-0004237,604-82-63098,--,사회적협동조합 합천종합복지공동체,심춘덕,50239,경남 합천군 대양면 대야로 462 (합천지역자활센터),50239,경남 합천군 대양면 대야로 462 (합천지역자활센터),055-933-3933,055-933-3933,010-5730-0920,055-933-3932,ilovehcjh@hanmail.net,6,85,1275,6,6,85,85,1275,1309,진봉규,055-930-3288,jinbg1128@korea.kr,2026-01-22,사회적협동조합 합천지역자활센터